INSERT INTO board_games (name, type, players, owner, image_url, description)
VALUES
    ('Судный день', 'PVP', '4-16', 'romcheg06', 'https://hobbygames.ru/image/cache/hobbygames_beta/data/Magellan/Sudnyi_den/Sudniy_Den-1024x1024-wm.jpg', 'Все знали, что такое рано или поздно произойдёт и, конечно же, никто не был готов к концу света. Развитие машин достигло той точки, когда они осознали себя как личность и объявили войну человечеству, а за этим последовало планомерное истребление... В настольной игре Судный день вам достаётся роль выживших людей, машин или изгоев. Люди пытаются выжить, машины уничтожают всё живое, а изгои пытаются обустроиться в новом мире. Судный день – это невероятная комбинация вечериночной игры с дедукцией и социальным экспериментом. Игрокам предстоит выяснить, кто есть кто и кто на чьей стороне, взять в руки оружие и уничтожить врагов. Сосредоточьтесь, возможно среди вас враги!'),
    ('Древний Ужас', 'PVE', '1-8', 'AnatolSn', 'https://hobbygames.ru/image/cache/hobbygames_beta/data/HobbyWorld/Eldritch_horror/EH00-1024x1024-wm.jpg', 'На дворе стоит 1926-й год и мир находится на грани исчезновения... Древнее и могущественное существо готово проснуться и покрыть известный нам мир мраком. По всему миру открываются порталы, из которых вылезают различные чудовища, а древние культы поднимаются с колен. Но находится группа героев, которые готовы рискнуть всем, чтобы предотвратить надвигающийся ужас. Бесстрашные путешественники отправляются в путь по всему миру: от заснеженных вершин Гималаев до шумных улиц Сан-Франциско, чтобы собрать улики, решить загадки, уничтожить монстров и защитить мир от потусторонней угрозы. Готовы ли Вы присоединиться к ним и поставить на кон всё, что вам дорого, ради спасения этого мира?'),
    ('Манчкин классический', 'PVP', '3-6', 'AnatolSn', 'https://hobbygames.ru/image/cache/hobbygames_beta/data/HobbyWorld/Munchkin/Munchkin/Munchkin00-1024x1024-wm.jpg', 'Игра "Манчкин" – локализация настольной карточной игры Munchkin. На русском языке игра, как ни старайся, приобретает новое звучание, но остаётся по-прежнему азартной, динамичной и злорадной. Ролевое зубоскальство по простым, но местами намеренно туманным правилам подвергает насмешкам благородных эльфов, мудрых магов, отважных воинов и мохноногих хафлингов. Клирики бьются с андедами, воры подрезают своих соперников в разгар боя, гигантские Кальмадзиллы и мерзкие Лицесосы стремятся отравить или отнять геройские жизни ваших манчкинов, но так, на расслабоне, без долгих речей и многочисленных бросков разногранных костей, принятых в D&D, GURPS и прочих равенлофтах.'),
    ('Манчкин стим панк', 'PVP', '3-6', 'AnatolSn', 'https://hobbygames.ru/image/cache/hobbygames_beta/data/HobbyWorld/Munchkin/Munchkin_Steampunk/Manchkin_Stimpank00-1024x1024-wm.jpg', 'Где манчкины уже только не побывали… На этот раз пришло время надевать цилиндры, хвататься за элегантные тросточки и грациозно разорять подземелья, полные скрипучих шестерёнок, пышущих жаром труб и других атрибутов альтернативного научного прогресса. Настольная игра "Манчкин Стимпанк" сплавит воедино удаль подземельного авантюризма и несравненное очарование викторианской эпохи. Бронированные левиафаны и шайтан-машины безумных учёных, паровые утюги ближнего боя и корсетные доспехи с кринолином — в своём походе к десятому уровню вы ещё никогда не были так элегантны и солидны!'),
    ('Дюна', 'PVP', '1-6', 'Илья', 'https://hobbygames.ru/image/cache/hobbygames_beta/data/-new/lavka-games/djuna-imperija/djuna-imperija-01-1024x1024-wm.jpg', 'Настольная игра "Дюна: Империя" предлагает вам встать во главе Дома и побороться за правление на пустынной планете Арракис. Правители Домов – искусные политики и опытные военачальники, обладающие неповторимыми умениями, сильной тактикой и незаурядной стратегией. Игроки сражаются за территории с драгоценным ресурсом, Пряностью. В этой борьбе значение имеет не только грубая сила, но и способность влиять на ключевые военно-политические силы. Главной целью победителям борьбы будет получение поддержки от корпорации КООАМ, ордена Бене Гессерит, Гильдии Космогации и Фрименов. У каждого игрока своя неповторимая колода карт, используя которую контролируются события Дома. Карты символизируют различные предметы и героев, ситуации, оказывающие влияние на борьбу за Пряность. Игроки сами вершат судьбу своего Дома и историю, при помощи уникальных способностей и талантов. Игра состоит из 10 раундов, и завершается, когда один из претендентов на трон получает 10 победных очков. Захватите территории и станьте главным на этой пустынной планете!'),
    ('Зомбицид', 'PVE', '1-6', 'Viktor_Med', 'https://hobbygames.ru/image/cache/hobbygames_beta/data/HobbyWorld/Zombicide/Zombicide_2nd_Edition/Zombicide_2ed_00-1024x1024-wm.jpg', 'настольная игра в сеттинге зомби-апокалипсиса для 1-6 игроков, которая содержит обновлённые материалы и улучшенные правила. Вам по-прежнему придётся выживать в суровых условиях независимо от собственных желаний и бороться с целыми ордами оживших мертвецов. Каждая игровая миссия предлагает свой сюжет, свои цели и особые правила. Здесь встречаются 4 типа зомби: ходок, толстяк, бегун и отродье, действиями которых управляет сама игра при помощи карт. Нововведения второй редакции значительно упрощают действия: ускорена подготовка к партии, очки опыта заменяются на очки адреналина, больше не нужно совмещать несколько карт, чтобы собрать оружие, появляются расширенные правила по тёмным зонам, дополнительные режимы игры и новые умения. Несмотря на обновления, игра сохраняет захватывающий игровой процесс за счёт большого количества возможностей и интересных игровых механик. Например, "прямой видимости", при которой игроки становятся осязаемыми в пространстве; особой системы передвижения по игровому полю; звуковыми эффектам, где команде предлагается пошуметь или затаиться в безмолвии и прочие отличительные особенности! После страшной эпидемии разрешено всё – катайтесь по городам, уничтожайте пожирателей мозгов, забирайте припасы и оружие, не забывайте спасать оставшихся в живых, но главное – действуйте сообща!'),
    ('Игра престолов', 'PVP', '3-6', 'romcheg06', 'https://hobbygames.ru/image/cache/hobbygames_beta/data/common/GofTh/agot00-1024x1024-wm.jpg', 'От трёх до шести игроков берут на себя роль великих Домов Семи Королевств Вестероса и начинают свою борьбу за контроль над Железным Троном, используя как дипломатию, так и военную мощь. Игра основана на бестселлере "Песнь Льда и Пламени", серии фэнтезийных романов Джорджа Мартина. "Игра престолов" предлагает настоящий эпический размах, и, чтобы победить, простой военной мощи может не хватить. Вы сможете заполучить власть с помощью силы или использовать ухищрения и лесть на пути к Трону, или, возможно, Вы решите привлечь население на свою сторону? Используя стратегическое планирование, мастерскую дипломатию и умелое распоряжение доступных карт, распространите своё влияние на весь Вестерос!'),
    ('Особняки безумия', 'PVE', '1-5', 'Viktor_Med', 'https://hobbygames.ru/image/cache/hobbygames_beta/data/HobbyWorld/Ujas_Arkhema/Osobnyaki_bezumiya/Mansions-of-Madness_box-1024x1024-wm.jpg', '"Особняки безумия" – это кооперативная игра для 1–5 игроков, действие которой происходит в мире Говарда Лавкрафта, мастера ужаса и автора мифов о Древних. Игрокам предстоит взять на себя роли сыщиков и окунуться в мрачный и наполненный безумием мир. Сыщики будут исследовать особняки и прилегающие территории, раскрывать тайны, собирать улики, сражаться с монстрами и даже решать головоломки. Главное – действовать сообща, чтобы справиться со всеми трудностями на пути к победе. Одно из основных изменений по сравнению с первой частью игры — это отсутствие игрока-хранителя, который выступал против сыщиков, а также появление специального цифрового программного обеспечения, доступного для скачивания на телефоны, планшеты и персональные компьютеры. Программа превратила игру в полностью кооперативную и упростила подготовку к партиям: она сама формирует игровое поле, управляет монстрами и различными объектами, то есть выполняет роль помощника и ведущего. Игра без приложения невозможна. Другое интересное нововведение, ставшее возможным за счёт приложения – это решение различных головоломок с помощью цифрового приложения. Почувствуйте себя настоящим детективом! Приложение добавляет игре интерактивности и увеличивает силу погружения в игровой мир. Также приложение позволяет: исследовать комнаты, проводить обыск, взаимодействовать с различными объектами; приложение берёт на себя подсчёт боевой части игры, когда вы вступаете в схватку с противником. Также приложение выдаёт литературную часть текста, описывает события, которые с вами происходят, и управляет событиями фазы Мифа. Каждый сценарий уникален и предлагает различные задачи. Более того, сценарии нелинейные и их интересно переигрывать. Если сыщики будут продвигаться слишком медленно, конечная цель может измениться и выполнить её станет гораздо труднее. Собрав достаточно улик и дойдя до определённого этапа, вы откроете главную цель сценария, выполнение которой приведёт вас к заслуженной победе.'),
    ('Апокалипсис', 'PVE', '1-6', 'stasryabets', 'https://hobbygames.ru/image/cache/hobbygames_beta/data/Gaga/Maximum_Apocalypse/maximum_apokalipsis-1024x1024-wm.JPG', 'Мы опоздали. Цивилизация пала: нет больше государств, привычного расклада жизни и даже любимой пиццы. Те немногие, которым повезло (или не повезло…) выжить, вынуждены собираться в группы: лишь так получится добыть пропитание и достаточно патронов, чтобы дать отпор монстрам, заполонившим Землю! Скорее заправляйте фургон и отправляйтесь в путь: быть может, на планете ещё осталось место, где вы сможете вздохнуть спокойно… "Максимум Апокалипсис" – это динамичная настольная игра о выживании после конца света. Каждый игрок берёт под свой контроль уникального персонажа: все герои обладают особенностями и собственными колодами, отражающими, как именно они адаптировались к новой жизни. Перемещаясь по полю, созданному из случайно выбранных тайлов местности, вы будете выполнять различные миссии: в одной партии понадобится разжиться топливом, чтобы умчать на фургоне, в другой – найти выживших и сопроводить их в безопасное место. Список миссий поистине огромен, так что ни одна партия не будет напоминать другую. При этом природа апокалипсиса может быть совершенно разной! Перед началом партии следует определиться, как именно погиб ваш мир. Что это было: эпидемия зомби, радиоактивная катастрофа или нападение пришельцев!? От этого зависит, с какими противниками вам придётся столкнуться, по каким локациям будете путешествовать и какие будете выполнять задачи. Но одно остаётся неизменным: окажетесь без еды или вступите в неравный бой – умрёте. Потому ключ к победе – сотрудничество! Дополняйте сильные и слабые стороны друг друга, распределяйте обязанности и прикрывайте соратнику спину, если дела идут не по плану. Если, конечно, они хоть когда-то пойдут по плану: каждый ход ситуация на столе может перевернуться с ног на голову, ведь монстров становится всё больше! Каждый ход приходится принимать ответственные решения: грамотно распоряжайтесь картами из личной колоды, постепенно исследуйте поле и не забывайте подкрепиться. Без еды даже самый лихой боец превратится в корм для зомби! Или для мутантов.. Или пришельцев. Или всех сразу. Готовы отправиться в постапокалиптическое путешествие?'),
    ('Виноделие', 'PVE', '1-6', 'petooh_5g', 'https://hobbygames.ru/image/cache/hobbygames_beta/data/Lavka_Games/Vinodelie/Vinodelie_01-1024x1024-wm.jpg', 'Самым крупным и известным итальянским регионом, производящим вино, является, безусловно, Тоскана. Там, на высоких холмах раскинулись многочисленные виноградники. Ежегодно богатый урожай винограда бережно собирается и отправляется на изготовление вина, известного на весь мир. В настольной игре "Виноделие" игрокам предстоит взять под свой контроль небольшое поместье, расположенное в Тоскане. Шаг за шагом, двигаясь к процветанию и успеху, необходимо стать самым лучшим поставщиком этого винодельческого региона. Высаживайте молодую лозу, собирайте урожай. Создавайте своё фирменное вино, оформляйте заказы, и пусть слава о вашей винодельне летит по всей Италии! Полное издание включает в себя как базовую версию, так и два дополнения, благодаря которым можно расширить игру до невообразимых возможностей.'),
    ('Колонизаторы', 'PVP', '3-4', 'petooh_5g', 'https://hobbygames.ru/image/cache/hobbygames_beta/data/-new/hobby-world/kolonizatori/catan-2024/catan-00-1024x1024-wm.jpg', 'Серия "Колонизаторы" – одна из самых известных, интересных и оригинальных семейных настольных игр в мире. Всемирную известность она получила ещё в далёком 1995 году, когда получила престижную премию Spiel des Jahres. С тех пор игра занимает своё место на домашних полках и в сердцах миллионов любителей настольных игр. Игра послужила прообразом известнейшей компьютерной игры Settlers и породила массу продолжений в настольном формате. Живой классикой "Колонизаторы" стали за счёт оригинального, продуманного и дружелюбного игрового процесса, в котором игроки выступают в роли мирных поселенцев, осваивающих остров Катан. Игровой процесс уникален, но между тем достаточно прост и увлекателен, что делает из "Колонизаторов" замечательную семейную игру! В роли мирных поселенцев, заселяющих остров Катан, вам предстоит ощутить на себе настоящую жизнь колонизатора: добывать ресурсы, строить посёлки, города и дороги, защищаться от разбойников, торговаться с соседями.'),
    ('Покорение марса', 'PVE', '1-5', 'petooh_5g', 'https://hobbygames.ru/image/cache/hobbygames_beta/data/Lavka_Games/Pokorenie_Marsa/Proekt_Venera/Pokorenie_Marsa-1024x1024-wm.jpg', 'Перед вами русская локализация самой нашумевшей игры 2016 года – Terraforming Mars ("Покорение Марса"). Уже несколько лет эта настолка остаётся на верхних позициях различных рейтингов. Игра была переведена во многих странах, а теперь добралась и до нас. Игрокам предстоит колонизировать Марс, меняя его природные условия, а также климат. В жизнь будут воплощены самые невообразимые и гениальные научные проекты, которые на самом деле существуют в реальности. Поднимайте температуру планеты, уровень кислорода, покройте пустоши океанами – всё для того, чтобы создать на Марсе условия, пригодные для жизни. И хотя перед вами стоит общая цель, которой все игроки стремятся достичь, не забывайте о конкуренции! Каждый будет получать дополнительные очки не только за вклад в освоение Красной планеты, но и за развитие масштабной инфраструктуры во всей Солнечной системе.'),
    ('Бункер', 'PVP', '4-16', 'riv1sky', 'https://hobbygames.ru/image/cache/hobbygames_beta/data/-new/ekonomikus/bunker/bunker/bunker-31c-00-1024x1024-wm.jpg', 'В настольной игре "Бункер" вы получаете случайный набор карт, который определяет ваш пол, возраст, профессию и другие черты, а ваша задача – убедить остальных, что этот набор характеристик будет весьма полезен. Как это сделать? Попробуйте и узнаете, а заодно и прокачаете навык ораторского мастерства! Эта игра подходит для интересного времяпрепровождения в большом кругу друзей на вечеринке, ведь она предусматривает возможность участия до 16 человек одновременно!'),
    ('Нечто', 'PVP', '4-12', 'riv1sky', 'https://hobbygames.ru/image/cache/hobbygames_beta/data/-new/hobby-world/nechto-nastolnaja-igra/nechto-00-1024x1024-wm.jpg', 'На далёкой научно-исследовательской станции в Антарктиде группа исследователей сталкивается с жутким и необъяснимым злом. Инопланетный организм, способный невероятно похоже мимикрировать под других живых существ, нападает на экспедицию и стремится вырваться из ледяного плена и отправиться туда, где будет больше жертв. Монстра надо вычислить и уничтожить, чтобы спасти человечество – однако для начала надо спастись самим и совершенно непонятно, кому ещё можно доверять, а кто заражён и сам превратился в кровожадное чудовище. "Нечто. Настольная игра" – это полукооперативный триллер по мотивам культового фильма ужасов Джона Карпентера. Создатели игры стремятся как можно ярче передать атмосферу паранойи и отчаяния, царящие на станции "Аванпост-31". Одному игроку предстоит взять на себя роль пришельца и постараться улететь со станции, остальным – не дать ему это сделать, вооружившись огнемётами, коктейлями Молотова и другими интересными аксессуарами.'),
    ('Письма призраков', 'PVP', '2-12', 'riv1sky', 'https://hobbygames.ru/image/cache/hobbygames_beta/data/Ekonomikuc/Pisma_Prizraka/Pisma_Prizraka-1024x1024-wm.jpg', 'Добро пожаловать в Сайдвуд – тихий и умиротворённый город... до недавнего времени. Полиция уже сбилась с ног в попытках разгадать загадочное убийство, но тут вмешались потусторонние силы. Один из игроков станет призраком жертвы и будет помогать детективам раскрыть дело. Единственный способ взаимодействия детективов и призрака – общение через мистический почтовый ящик, в который сыщикам предстоит складывать изображения всевозможных найденных улик. Призрак же, в свою очередь, оставляет там лишь некоторые из таких улик в качестве подсказок, остальным же уготована учесть бесследно исчезнуть. Поторопитесь, ведь время бежит, и вот уже осталось буквально несколько дней до того момента, как призрак потеряет контакт с этим миром. И самое главное – не терять бдительности, ведь среди детективов вполне могут скрываться убийца со своими сообщниками, которые всячески будут запутывать всех остальных. Всё для того, чтобы помешать расследованию!'),
    ('За бортом', 'PVP', '4-8', 'riv1sky', 'https://hobbygames.ru/image/cache/hobbygames_beta/data/Magellan/Za_bortom/Za_Bortom-1024x1024-wm.jpg', 'Игроки оказались за бортом корабля. Но хорошо, что под рукой была шлюпка, в которой они могут доплыть до берега. Правда, доберутся не все, ведь один ход в игре отражает один реальный день жизни. А что нужно для поддержания жизни? Еда и вода, а их в лодку много не поместилось. Так что придется как-то распределять припасы. И если кому-то их станет не хватать, что ж поделать, придется избавляться от лишних ртов, выбросив кого-то в море. В игре "За бортом" вы принимаете на себя роль одного из бывших пассажиров потерпевшего крушение судна. Каждый обладает различными параметрами и полезными навыками. Именно они должны помочь выжить в лодке, договариваясь, кооперируясь или просто с помощью силы выталкивая соперников за борт. Умело ведите переговоры и пользуйтесь своими свойствами, чтобы оказаться в числе добравшихся до берега.'),
    ('Чужая Планета', 'PVE', '2-7', 'riv1sky', 'https://hobbygames.ru/image/cache/hobbygames_beta/data/Gaga/Chujaya_Planeta/Chujaya_Planeta-1024x1024-wm.jpg', '"Чужая Планета" – классический триллер об ужасе глубокого космоса, облаченный в мантию асимметричной карточной игры. Возьмите на себя роль Существа, которое пытается ассимилировать застрявших на планете ученых, или же путешественника, что пытается выжить и дождаться прибытия спасательной капсулы.'),
    ('Эпичные схватки боевых магов ', 'PVP', '2-8', 'riv1sky', 'https://hobbygames.ru/image/cache/hobbygames_beta/data/HobbyWorld/Shvatki_Magov/EHpichnye_Skhvatki_Boevyh_Magov_Bitva_Na_Gore_Chereplameni00-1024x1024-wm.jpg', 'Добро пожаловать в мир крышесносной магии! Здесь нет места для ваших глупых фокусов, магия у нас сокрушительная, извращённая и смертельная! Королевство Кровобойня не всегда было таким, когда-то этот мир был самым обычным захудалым селом, а мы вели обычную жизнь с этими семейными ценностями, моралью и прочей фигнёй… до тех пор, пока не появился дядюшка Эдди и со скуки не перевернул всё с ног на голову! Никто не знает, как ему это удалось, но он наполнил мир чудовищной магией и многие из нас получили доступ к самым разрушительным и ужасным чарам во вселенной. Затем дядюшка устроил турнир, но не простой, а на смерть! Или жизнь? В общем, умереть здесь теперь всё равно невозможно, чёрная магия дядюшки будет воскрешать вас каждый раз обратно, только для того, чтобы вы смогли умереть ещё разок. И чем, вы спросите, здесь заниматься в таких условиях? Ответ очевиден – уничтожением, сожжением, разрыванием и много чем ещё ваших противников, то есть других боевых магов! Теперь это наше развлечение и смысл жизни!'),
    ('Бэнг! Меч самурая', 'PVP', '4-7', 'riv1sky', 'https://hobbygames.ru/image/cache/hobbygames_beta/data/HobbyWorld/Bang/Mech_Samuraya/bjeng-mech-samuraja_3D_roznica00-1024x1024-wm.jpg', 'Снова мы слышим знакомый и приятный сердцу звук "Бэнг", но… не слышим выстрелов! Ведь мы переносимся в Страну восходящего солнца, где нет ковбоев и салунов, но где верные самураи защищают своего сюзерена-сёгуна, хозяина и предводителя; где коварные ниндзя жаждут разрушить великую Империю, прибегая к любым, порой бесчестным методам; и где лишь блеск катаны выдаёт одинокого ронина, который с готовностью вступает в новую битву, лелея надежду отомстить… Настольная игра "Бэнг!" – это остросюжетный и закрученный вестерн, сочетающий в себе лучшее от захватывающих карточных игр и остросюжетной "Мафии". Здесь вам понадобится распознавать блеф и использовать дедукцию, чтобы раскусить, кто есть кто в этой хитросплетённой перепалке. Напряжённая атмосфера, а также возможность подействовать не только словом, но и револьвером, подстёгивает игроков быть хитрыми и смекалистыми! Как вы уже поняли, "Бэнг! Меч самурая" – это новая игра в серии настольных игр "Бэнг!", которая, однако, сильно напоминает именно оригинальную игру, но отличается сеттингом, иллюстрациями и, конечно, правилами. Одно из главных отличий в том, что самураи так просто не умирают, сражаясь до конца за свою честь. В целом игра стала несколько бодрее и динамичнее, сохранив при этом остроту оригинальной игры. Заметим, что в правилах поменялась значительная часть, так что данное издание – полноценное ответвление в серии, а не просто переиздание в новой обёртке.'),
    ('Мемы', 'PVE', '3-12', 'riv1sky', 'https://hobbygames.ru/image/cache/hobbygames_beta/data/Ekonomikuc/Mems/memy-1024x1024-wm.JPG', 'Интернет-мемы уже давно стали неотъемлемой частью нашей жизни. Чаще всего они принимают форму смешных изображений, с которыми вы неоднократно сталкивались, прокручивая ленту или общаясь в мессенджере. В зависимости от контекста одно и то же изображение может заиграть новыми красками – так почему бы не проверить, кто из ваших друзей самый находчивый и остроумный? Правила игры "Мемы: Весело и в точку!" настолько просты, что объяснены прямо на коробке! В начале раунда ведущий зачитывает одну ситуацию – она может быть смешной, злободневной, неловкой или какой-либо ещё. Следом каждый игрок должен выложить из руки по одной карте мема, который, согласно его мнению, подходит для озвученной ситуации. Когда игроки закончат, ведущий выбирает лучший мем, а его автор получает часть оставшихся карточек в качестве трофеев. Тот, у кого стопка трофеев в конце игры окажется наиболее внушительной, получает почётное звание главного мемолога вашей тусовки!'),
    ('Взрывные котята (18+)', 'PVE', '2-5', 'riv1sky', 'https://hobbygames.ru/image/cache/hobbygames_beta/data/HobbyWorld/Explosive_Kitten/18/Kotyata18_00-1024x1024-wm.jpg', '"Взрывные котята" – это нашумевший карточный хит, который влюбил в себя огромное количество игроков по всему миру. Игра крайне проста в освоении и отличается уникальным дизайном, вы точно влюбитесь в этих прекрасных рисованных котят! Игра предлагает быстрый и динамичный игровой процесс, где вам придётся взвешивать риски. Игра отдалённо напоминает своим принципом "русскую рулетку" – игроки тянут по очереди карты из колоды, и, если им попадается один из взрывных котеек, то он тут же взрывается и выбывает из игры! Для того, чтобы этого не произошло, можно использовать различные карты или даже их комбинации.'),
    ('Цитадели Делюкс', 'PVP', '2-8', 'LarsAlsir', 'https://hobbygames.ru/image/cache/hobbygames_beta/data/HobbyWorld/Citadeli/Citadeli_Deluxe/Citadeli_Delyuks00-1024x1024-wm.jpg', '"Цитадели" – это всемирно известная настольная игра Бруно Файдутти, увидевшая свет в далёком 2000 году и переведённая на данный момент уже на 25 языков. В целом, игру можно описать как карточную градостроительную настольную игру, но на самом деле "Цитадели" абсолютно уникальны и сочетают в себе сразу несколько жанров, включая психологическую игру. По ходу партии игроки получают золото, выбирают себе на руку карты кварталов, а затем могут производить застройку, покупая эти самые кварталы за золото. Цель игры – построить самый престижный, то есть самый дорогой город. Звучит довольно просто, но всё меняют карты персонажей… Дело в том, что в начале каждого раунда игроки взакрытую выбирают себе персонажей; то есть никто не знает, каких именно персонажей выберут их противники. Получив и выбрав карту персонажа, вы передаёте оставшихся дальше по кругу. Это добавляет игре элементы блефа и вам потребуется умение предсказывать ходы. Персонажи не только определяют порядок хода, но и дают особые преимущества, а также специальные действия. Купец зарабатывает больше золота, Король получает право первого выбора в следующем раунде, а убийца может лишить хода любого персонажа. Всё это погружает игру в невероятную остросюжетную атмосферу интриги и добавляет ей психологический уровень, почти как в "Мафии". Вам предстоит не просто планировать строительство кварталов и выбирать стратегию, но и динамически подстраивать её под выбор персонажей, ведь не всегда вы будете получать именно ту роль, которую хотели бы выбрать. Здесь проявляются ваши навыки планирования, блефа, дипломатии, умение читать людей, предсказывая их выбор и т. д.');

INSERT INTO app_users (first_name, last_name, telegram_username, is_employee)
VALUES
    ('Анатолий', 'Сенников', 'AnatolSn', true),
    ('Роман', 'Степин', 'romcheg06', true),
    ('Илья', 'No', 'ThisIsHoroshoo', true),
    ('Виктор', 'Медведев', 'Viktor_Med', true),
    ('Станислав', 'Рябец', 'stasryabets', true),
    ('Владислав', 'Зборовский', 'petooh_5g', true),
    ('Руслан', 'Юн', 'riv1sky', true),
    ('Оксана', 'Шеина', 'i_am_super', true),
    ('Шахзод', 'Алибоев', 'DDI_C', true),
    ('Фарход', 'Данияров', 'farkhod89', true),
    ('Дмитрий', 'Виноградов', 'mrDmitryVinogradov', true),
    ('Дмитрий', 'Степанов', 'LarsAlsir', true),
    ('Наталья', 'Перминова', 'nata_dubl_bubl', true),
    ('Юлия', 'Виноградова', 'yulka_ka', false),
    ('Мария', 'Борисик', 'MaryOnAir90', true),
    ('Олег', 'Стрельников', 'Strelnikoff', false);

INSERT INTO game_sessions (id, game_id, play_date)
VALUES
    (1, 19, '2025-02-05'),
    (2, 19, '2025-02-05');

INSERT INTO game_session_players (session_id, player_username, is_winner)
VALUES
    (1, 'AnatolSn', false),
    (1, 'DDI_C', false),
    (1, 'i_am_super', true),
    (1, 'romcheg06', false),
    (1, 'riv1sky', false),
    (1, 'nata_dubl_bubl', true),
    (1, 'mrDmitryVinogradov', false),
    (2, 'AnatolSn', false),
    (2, 'DDI_C', false),
    (2, 'i_am_super', true),
    (2, 'romcheg06', false),
    (2, 'riv1sky', true),
    (2, 'nata_dubl_bubl', true);

-- Обновляем последовательность
SELECT setval('game_sessions_id_seq', (SELECT MAX(id) FROM game_sessions));